antigo;atual;vezes
aborrecivel;aborrecível;1
abraçal-o;abraçá-lo;1
acceitando;aceitando;1
acceitar;aceitar;1
acceitei;aceitei;1
acceito;aceito;1
acceitou;aceitou;1
accender;acender;1
accendeu;acendeu;1
accentuando;acentuando;1
accesas;acesas;1
accordado;acordado;1
accordei;acordei;1
accordo;acordo;1
accrescentou;acrescentou;1
achára;achara;1
acto;ato;1
actor;ator;1
actos;atos;1
acção;ação;1
acções;ações;1
acóde-me;acode-me;1
adolescencia;adolescência;1
adoravel;adorável;1
affectação;afetação;1
affecto;afeto;1
affectuosas;afetuosas;1
affeição;afeição;1
affeições;afeições;1
affirmava;afirmava;1
affirmação;afirmação;1
afflicto;aflito;1
afflicção;aflição;1
affligia;afligia;1
affligir;afligir;1
afrancezado;afrancesado;1
aggravou;agravou;1
aggregado;agregado;1
agua;água;1
aguas;águas;1
alguem;alguém;1
allegações;alegações;1
alli;ali;1
alliados;aliados;1
allivio;alívio;1
allopatha;alopata;1
allopathia;alopatia;1
allusão;alusão;1
alphabeto;alfabeto;1
alugueis;aluguéis;1
amantissima;amantíssima;1
amantissimo;amantíssimo;1
amarellas;amarelas;1
amarello;amarelo;1
amarissimo;amaríssimo;1
analogo;análogo;1
analyse;análise;1
animal-a;animá-la;1
anno;ano;1
annos;anos;1
apezar;apesar;1
apolice;apólice;1
apostolico;apostólico;1
apostolos;apóstolos;1
apparecer;aparecer;1
appareceu;apareceu;1
apparecia;aparecia;1
apparencia;aparência;1
apprende;aprende;1
apprender;aprender;1
apprenderia;aprenderia;1
apprendeu;aprendeu;1
approvação;aprovação;1
aquella;aquela;1
aquellas;aquelas;1
aquelle;aquele;1
aquelles;aqueles;1
aquillo;aquilo;1
arithmeticas;aritméticas;1
armazem;armazém;1
assiduas;assíduas;1
assumpto;assunto;1
atraz;atrás;1
attender;atender;1
attendeu;atendeu;1
attendia;atendia;1
attenta;atenta;1
attento;atento;1
attenção;atenção;1
attribuo;atribuo;1
audiencia;audiência;1
ausencia;ausência;1
azues;azuis;1
baptisado;batizado;1
bebel-o;bebê-lo;1
becco;beco;1
beijal-a;beijá-la;1
bella;bela;1
bellas;belas;1
belleza;beleza;1
bellezas;belezas;1
bello;belo;1
bellos;belos;1
beneficio;benefício;1
benção;bênção;1
bocca;boca;1
buscal-o;buscá-lo;1
cabelleireiro;cabeleireiro;1
cabello;cabelo;1
cabellos;cabelos;1
cadaver;cadáver;1
cae;cai;1
cairam;caíram;1
calculos;cálculos;1
calix;cálix;1
cancella;cancela;1
candida;cândida;1
capitulo;capítulo;1
capitulos;capítulos;1
caracter;caráter;1
cartorio;cartório;1
casaes;casais;1
castello;castelo;1
catholico;católico;1
cavalleiro;cavaleiro;1
cavallo;cavalo;1
cemiterio;cemitério;1
cerebro;cérebro;1
cerimonia;cerimônia;1
ceu;céu;1
chacara;chácara;1
chegámos;chegamos;1
chicara;xícara;1
chinellas;chinelas;1
ciumes;ciúmes;1
colera;cólera;1
collar;colar;1
collega;colega;1
collegio;colégio;1
collo;colo;1
commandante;comandante;1
commerciante;comerciante;1
commercio;comércio;1
commigo;comigo;1
commovido;comovido;1
commum;comum;1
comnosco;conosco;1
comparavel;comparável;1
compoz;compôs;1
compoz-se;compôs-se;1
conego;cônego;1
conheciamos;conhecíamos;1
consciencia;consciência;1
conservatorio;conservatório;1
contiguos;contíguos;1
continuámos;continuamos;1
contracto;contrato;1
contrario;contrário;1
cutello;cutelo;1
còr;cor;1
cór;cor;1
córos;coros;1
côr;cor;1
dal-o;dá-lo;1
dalli;dali;1
daquella;daquela;1
daquellas;daquelas;1
daquelle;daquele;1
daquelles;daqueles;1
dedicatoria;dedicatória;1
defuncto;defunto;1
defunctos;defuntos;1
deixal-a;deixá-la;1
deixára;deixara;1
della;dela;1
dellas;delas;1
delle;dele;1
delles;deles;1
denuncia;denúncia;1
desappareceu;desapareceu;1
despezas;despesas;1
deviamos;devíamos;1
devéras;deveras;1
dezeseis;dezesseis;1
dezesete;dezessete;1
diccionarios;dicionários;1
differente;diferente;1
differentes;diferentes;1
differença;diferença;1
difficil;difícil;1
difficilmente;dificilmente;1
difficuldade;dificuldade;1
direcção;direção;1
disponivel;disponível;1
distincta;distinta;1
distincção;distinção;1
divida;dívida;1
dizel-a;dizê-la;1
dizel-as;dizê-las;1
dizel-o;dizê-lo;1
doia;doía;1
duvidas;dúvidas;1
désse;desse;1
dòr;dor;1
dôr;dor;1
dôres;dores;1
ecclesiastica;eclesiástica;1
ecclesiastico;eclesiástico;1
ecclesiasticos;eclesiásticos;1
effectivamente;efetivamente;1
effectivo;efetivo;1
effeito;efeito;1
egua;égua;1
ella;ela;1
ellas;elas;1
elle;ele;1
elles;eles;1
enthusiasmado;entusiasmado;1
enthusiasmo;entusiasmo;1
eramos;éramos;1
escripta;escrita;1
escripto;escrito;1
escriptor;escritor;1
escriptorio;escritório;1
escriptos;escritos;1
escrupulo;escrúpulo;1
esculptor;escultor;1
especie;espécie;1
espectaculo;espetáculo;1
espirito;espírito;1
essencia;essência;1
estavamos;estávamos;1
estrellas;estrelas;1
estylo;estilo;1
exacta;exata;1
exactamente;exatamente;1
exacto;exato;1
excellente;excelente;1
existencia;existência;1
extincto;extinto;1
extraordinario;extraordinário;1
faceis;fáceis;1
facil;fácil;1
falavamos;falávamos;1
falámos;falamos;1
falára;falara;1
familia;família;1
familias;famílias;1
fariamos;faríamos;1
fazel-as;fazê-las;1
fazel-o;fazê-lo;1
fechal-o;fechá-lo;1
fel-o;fê-lo;1
ficámos;ficamos;1
ficára;ficara;1
flòr;flor;1
flôr;flor;1
flôres;flores;1
francez;francês;1
fructo;fruto;1
furia;fúria;1
fòr;for;1
fòra;fora;1
fòro;foro;1
fóra;fora;1
fórma;forma;1
fórmas;formas;1
fôr;for;1
fôra;fora;1
gastámos;gastamos;1
genero;gênero;1
genio;gênio;1
gloria;glória;1
goso;gozo;1
gravissimo;gravíssimo;1
guardal-o;guardá-lo;1
gósto;gosto;1
habitos;hábitos;1
has;hás;1
havel-o;havê-lo;1
haviamos;havíamos;1
historia;história;1
homeopatha;homeopata;1
homeopathia;homeopatia;1
honorarios;honorários;1
horrivel;horrível;1
hostia;hóstia;1
hypothese;hipótese;1
iamos;íamos;1
illusão;ilusão;1
imital-o;imitá-lo;1
immensa;imensa;1
impaciencia;impaciência;1
imperio;império;1
impeto;ímpeto;1
importancia;importância;1
impossivel;impossível;1
imprimil-o;imprimi-lo;1
incommodo;incômodo;1
inconciliaveis;inconciliáveis;1
inexplicaveis;inexplicáveis;1
infancia;infância;1
inglez;inglês;1
innocente;inocente;1
insistencia;insistência;1
internuncio;internúncio;1
intervallo;intervalo;1
intervallos;intervalos;1
inuteis;inúteis;1
inutil;inútil;1
janella;janela;1
janellas;janelas;1
jornaes;jornais;1
juizo;juízo;1
labios;lábios;1
lagrimas;lágrimas;1
lapis;lápis;1
lel-as;lê-las;1
lençóes;lençóis;1
lepido;lépido;1
lettra;letra;1
lettras;letras;1
leval-a;levá-la;1
leval-o;levá-lo;1
libretto;libreto;1
licção;lição;1
licções;lições;1
lindissima;lindíssima;1
lingua;língua;1
manuscripto;manuscrito;1
marmore;mármore;1
matal-os;matá-los;1
materia;matéria;1
materias;matérias;1
maxima;máxima;1
medico;médico;1
memoria;memória;1
memorias;memórias;1
metaphora;metáfora;1
metaphoras;metáforas;1
metaphysica;metafísica;1
metta;meta;1
mettel-o;metê-lo;1
metter;meter;1
mettesse;metesse;1
metteu;meteu;1
metti-me;meti-me;1
mettia;metia;1
mettia-se;metia-se;1
mettida;metida;1
mettido;metido;1
mez;mês;1
mezes;meses;1
miral-o;mirá-lo;1
misericordia;misericórdia;1
miudas;miúdas;1
miudo;miúdo;1
miudos;miúdos;1
modestia;modéstia;1
molestia;moléstia;1
molestias;moléstias;1
moraes;morais;1
musculos;músculos;1
musica;música;1
mysterio;mistério;1
mysterios;mistérios;1
mysteriosa;misteriosa;1
mystica;mística;1
máu;mau;1
n'uma;numa;1
naquella;naquela;1
naquellas;naquelas;1
naquelle;naquele;1
naquelles;naqueles;1
naturaes;naturais;1
naufragio;naufrágio;1
necessaria;necessária;1
necessario;necessário;1
negocio;negócio;1
negocios;negócios;1
nella;nela;1
nellas;nelas;1
nelle;nele;1
ninguem;ninguém;1
noticia;notícia;1
noticias;notícias;1
numero;número;1
numeros;números;1
objecto;objeto;1
objectos;objetos;1
obliqua;oblíqua;1
obsequio;obséquio;1
occasião;ocasião;1
occasiões;ocasiões;1
odio;ódio;1
offereceu;ofereceu;1
officio;ofício;1
officios;ofícios;1
oleos;óleos;1
olhámos;olhamos;1
omnibus;ônibus;1
opera;ópera;1
opposto;oposto;1
optimo;ótimo;1
opusculo;opúsculo;1
oratorio;oratório;1
oratorios;oratórios;1
orphão;órfão;1
orthographia;ortografia;1
outr'ora;outrora;1
ouvil-a;ouvi-la;1
ouvil-o;ouvi-lo;1
paciencia;paciência;1
pae;pai;1
paes;pais;1
paginas;páginas;1
paizagens;paisagens;1
pallida;pálida;1
pallido;pálido;1
pallio;pálio;1
palpebras;pálpebras;1
panegyrico;panegírico;1
panno;pano;1
papae;papai;1
papeis;papéis;1
passaro;pássaro;1
passaros;pássaros;1
passavamos;passávamos;1
peccado;pecado;1
peccados;pecados;1
pedil-o;pedi-lo;1
penna;pena;1
perfeitissimo;perfeitíssimo;1
periodo;período;1
permittia;permitia;1
pessoaes;pessoais;1
pharmacia;farmácia;1
phenomeno;fenômeno;1
photographia;fotografia;1
phrase;frase;1
phrases;frases;1
physicas;físicas;1
podiamos;podíamos;1
polemica;polêmica;1
politica;política;1
politicos;políticos;1
possiveis;possíveis;1
possivel;possível;1
possue;possui;1
possuia;possuía;1
poz;pôs;1
predicção;predição;1
premios;prêmios;1
principaes;principais;1
principio;princípio;1
projecto;projeto;1
projectos;projetos;1
promettia;prometia;1
prometto;prometo;1
prompta;pronta;1
promptamente;prontamente;1
prompto;pronto;1
proposito;propósito;1
propoz;propôs;1
propria;própria;1
proprias;próprias;1
proprio;próprio;1
proprios;próprios;1
protecção;proteção;1
protonotario;protonotário;1
provavel;provável;1
proxima;próxima;1
proximas;próximas;1
proximo;próximo;1
proximos;próximos;1
prégão;pregão;1
publico;público;1
pupillas;pupilas;1
purgatorio;purgatório;1
puxal-a;puxá-la;1
póde;pode;1
póde-se;pode-se;1
pódem;podem;1
pódes;podes;1
pôz;pôs;1
quaes;quais;1
quiz;quis;1
quizer;quiser;1
quizera;quisera;1
quizesse;quisesse;1
quizessem;quisessem;1
què;quê;1
quéda;queda;1
rapida;rápida;1
rapido;rápido;1
recommendações;recomendações;1
redea;rédea;1
reflecti;refleti;1
reflectia;refletia;1
reflectindo;refletindo;1
reflectir;refletir;1
reflectiu;refletiu;1
relogio;relógio;1
remedio;remédio;1
remedios;remédios;1
reminiscencias;reminiscências;1
reproducção;reprodução;1
repugnancia;repugnância;1
resentimentos;ressentimentos;1
resistencia;resistência;1
resurreição;ressurreição;1
ridiculas;ridículas;1
roido;roído;1
roidos;roídos;1
sabbado;sábado;1
sabbados;sábados;1
sae;sai;1
saida;saída;1
saido;saído;1
saimos;saímos;1
sairam;saíram;1
saisse;saísse;1
saude;saúde;1
scena;cena;1
scenas;cenas;1
sciencia;ciência;1
scismar;cismar;1
secca;seca;1
secco;seco;1
seculos;séculos;1
sel-o;sê-lo;1
seminario;seminário;1
serio;sério;1
servil-o;servi-lo;1
sestercio;sestércio;1
signaes;sinais;1
signal;sinal;1
silencio;silêncio;1
silencios;silêncios;1
sobresalto;sobressalto;1
solemne;solene;1
somma;soma;1
sommando;somando;1
sommar;somar;1
somno;sono;1
somnos;sonos;1
sonhára;sonhara;1
succedeu;sucedeu;1
successos;sucessos;1
sufficiente;suficiente;1
suggestão;sugestão;1
summa;suma;1
supplicas;súplicas;1
supplices;súplices;1
supponho;suponho;1
suspensorios;suspensórios;1
sympathia;simpatia;1
séstro;sestro;1
sómente;somente;1
sósinho;sozinho;1
sósinhos;sozinhos;1
taes;tais;1
tambem;também;1
tel-a;tê-la;1
terriveis;terríveis;1
theatro;teatro;1
theologia;teologia;1
theoria;teoria;1
therapeutica;terapêutica;1
timida;tímida;1
tinhamos;tínhamos;1
titulo;título;1
tragico;trágico;1
tres;três;1
trez;três;1
tèm;têm;1
ultima;última;1
ultimo;último;1
ultimos;últimos;1
unica;única;1
unico;único;1
vacca;vaca;1
vae;vai;1
vaes;vais;1
varios;vários;1
vel-a;vê-la;1
vel-o;vê-lo;1
vel-os;vê-los;1
vespera;véspera;1
victima;vítima;1
victoria;vitória;1
vigario;vigário;1
visinha;vizinha;1
visinhança;vizinhança;1
visinhas;vizinhas;1
visinho;vizinho;1
visinhos;vizinhos;1
viuva;viúva;1
viuvo;viúvo;1
voltavamos;voltávamos;1
voltámos;voltamos;1
voltára;voltara;1
áquelle;àquele;1
